<?xml version="1.0" encoding="UTF-8"?>
<export version="D">
  <design>
    <source>/home/test/Documents/kicad-project/ac-conv/ac-conv.sch</source>
    <date>Sat 25 Jan 2020 22:55:42 GMT</date>
    <tool>Eeschema 5.1.5-52549c5~84~ubuntu18.04.1</tool>
    <sheet number="1" name="/" tstamps="/">
      <title_block>
        <title>AC Converter</title>
        <company>TheHWcave</company>
        <rev>0</rev>
        <date/>
        <source>ac-conv.sch</source>
        <comment number="1" value=""/>
        <comment number="2" value=""/>
        <comment number="3" value=""/>
        <comment number="4" value=""/>
      </title_block>
    </sheet>
  </design>
  <components>
    <comp ref="U5">
      <value>AQY214EH</value>
      <footprint>Package_DIP:DIP-4_W7.62mm</footprint>
      <libsource lib="Relay_SolidState" part="AQY214EH" description="Form A, Solid State Relay (Photo MOSFET) 400V, 0.12A, 26Ohm, DIP-4"/>
      <sheetpath names="/" tstamps="/"/>
      <tstamp>5E2DF66E</tstamp>
    </comp>
    <comp ref="U6">
      <value>AQY214EH</value>
      <footprint>Package_DIP:DIP-4_W7.62mm</footprint>
      <libsource lib="Relay_SolidState" part="AQY214EH" description="Form A, Solid State Relay (Photo MOSFET) 400V, 0.12A, 26Ohm, DIP-4"/>
      <sheetpath names="/" tstamps="/"/>
      <tstamp>5E2E088B</tstamp>
    </comp>
    <comp ref="U7">
      <value>AQY214EH</value>
      <footprint>Package_DIP:DIP-4_W7.62mm</footprint>
      <libsource lib="Relay_SolidState" part="AQY214EH" description="Form A, Solid State Relay (Photo MOSFET) 400V, 0.12A, 26Ohm, DIP-4"/>
      <sheetpath names="/" tstamps="/"/>
      <tstamp>5E2E2041</tstamp>
    </comp>
    <comp ref="U8">
      <value>AQY214EH</value>
      <footprint>Package_DIP:DIP-4_W7.62mm</footprint>
      <libsource lib="Relay_SolidState" part="AQY214EH" description="Form A, Solid State Relay (Photo MOSFET) 400V, 0.12A, 26Ohm, DIP-4"/>
      <sheetpath names="/" tstamps="/"/>
      <tstamp>5E2E3D66</tstamp>
    </comp>
    <comp ref="U2">
      <value>LM555</value>
      <footprint>Package_DIP:DIP-8-16_W7.62mm</footprint>
      <datasheet>http://www.ti.com/lit/ds/symlink/lm555.pdf</datasheet>
      <libsource lib="Timer" part="LM555" description="Timer, DIP-8/SOIC-8/SSOP-8"/>
      <sheetpath names="/" tstamps="/"/>
      <tstamp>5E2E84C4</tstamp>
    </comp>
    <comp ref="U4">
      <value>7400</value>
      <footprint>Package_DIP:DIP-14_W7.62mm</footprint>
      <datasheet>http://www.ti.com/lit/gpn/sn7400</datasheet>
      <libsource lib="74xx" part="7400" description="quad 2-input NAND gate"/>
      <sheetpath names="/" tstamps="/"/>
      <tstamp>5E2F5B68</tstamp>
    </comp>
    <comp ref="U1">
      <value>LM78M05_TO220</value>
      <footprint>Package_TO_SOT_THT:TO-220-3_Vertical</footprint>
      <datasheet>http://www.fairchildsemi.com/ds/LM/LM78M05.pdf</datasheet>
      <libsource lib="Regulator_Linear" part="LM78M05_TO220" description="Positive 500mA 35V Linear Regulator, Fixed Output 5V, TO-220"/>
      <sheetpath names="/" tstamps="/"/>
      <tstamp>5E313528</tstamp>
    </comp>
    <comp ref="C6">
      <value>100n</value>
      <footprint>Capacitor_THT:C_Rect_L7.0mm_W2.5mm_P5.00mm</footprint>
      <datasheet>~</datasheet>
      <libsource lib="Device" part="C" description="Unpolarized capacitor"/>
      <sheetpath names="/" tstamps="/"/>
      <tstamp>5E31489E</tstamp>
    </comp>
    <comp ref="C7">
      <value>100n</value>
      <footprint>Capacitor_THT:C_Rect_L7.0mm_W2.5mm_P5.00mm</footprint>
      <datasheet>~</datasheet>
      <libsource lib="Device" part="C" description="Unpolarized capacitor"/>
      <sheetpath names="/" tstamps="/"/>
      <tstamp>5E315BE1</tstamp>
    </comp>
    <comp ref="C2">
      <value>470n</value>
      <footprint>Capacitor_THT:C_Rect_L7.0mm_W2.5mm_P5.00mm</footprint>
      <datasheet>~</datasheet>
      <libsource lib="Device" part="C" description="Unpolarized capacitor"/>
      <sheetpath names="/" tstamps="/"/>
      <tstamp>5E31678D</tstamp>
    </comp>
    <comp ref="C4">
      <value>100n</value>
      <footprint>Capacitor_THT:C_Rect_L7.0mm_W2.5mm_P5.00mm</footprint>
      <datasheet>~</datasheet>
      <libsource lib="Device" part="C" description="Unpolarized capacitor"/>
      <sheetpath names="/" tstamps="/"/>
      <tstamp>5E317EC2</tstamp>
    </comp>
    <comp ref="C5">
      <value>100n</value>
      <footprint>Capacitor_THT:C_Rect_L7.0mm_W2.5mm_P5.00mm</footprint>
      <datasheet>~</datasheet>
      <libsource lib="Device" part="C" description="Unpolarized capacitor"/>
      <sheetpath names="/" tstamps="/"/>
      <tstamp>5E31989E</tstamp>
    </comp>
    <comp ref="C3">
      <value>100uF</value>
      <footprint>Capacitor_THT:CP_Radial_D6.3mm_P2.50mm</footprint>
      <datasheet>~</datasheet>
      <libsource lib="Device" part="CP" description="Polarized capacitor"/>
      <sheetpath names="/" tstamps="/"/>
      <tstamp>5E31AB28</tstamp>
    </comp>
    <comp ref="C1">
      <value>10uF</value>
      <footprint>Capacitor_THT:CP_Radial_D6.3mm_P2.50mm</footprint>
      <datasheet>~</datasheet>
      <libsource lib="Device" part="CP" description="Polarized capacitor"/>
      <sheetpath names="/" tstamps="/"/>
      <tstamp>5E31B5D6</tstamp>
    </comp>
    <comp ref="R1">
      <value>1K</value>
      <footprint>Resistor_THT:R_Axial_DIN0207_L6.3mm_D2.5mm_P7.62mm_Horizontal</footprint>
      <datasheet>~</datasheet>
      <libsource lib="Device" part="R" description="Resistor"/>
      <sheetpath names="/" tstamps="/"/>
      <tstamp>5E320B92</tstamp>
    </comp>
    <comp ref="R3">
      <value>470</value>
      <footprint>Resistor_THT:R_Axial_DIN0207_L6.3mm_D2.5mm_P7.62mm_Horizontal</footprint>
      <datasheet>~</datasheet>
      <libsource lib="Device" part="R" description="Resistor"/>
      <sheetpath names="/" tstamps="/"/>
      <tstamp>5E321E85</tstamp>
    </comp>
    <comp ref="R4">
      <value>470</value>
      <footprint>Resistor_THT:R_Axial_DIN0207_L6.3mm_D2.5mm_P7.62mm_Horizontal</footprint>
      <datasheet>~</datasheet>
      <libsource lib="Device" part="R" description="Resistor"/>
      <sheetpath names="/" tstamps="/"/>
      <tstamp>5E323B24</tstamp>
    </comp>
    <comp ref="J3">
      <value>Conn_01x04_Male</value>
      <footprint>Connector_PinHeader_1.00mm:PinHeader_1x04_P1.00mm_Vertical</footprint>
      <datasheet>~</datasheet>
      <libsource lib="Connector" part="Conn_01x04_Male" description="Generic connector, single row, 01x04, script generated (kicad-library-utils/schlib/autogen/connector/)"/>
      <sheetpath names="/" tstamps="/"/>
      <tstamp>5E3260E6</tstamp>
    </comp>
    <comp ref="J1">
      <value>Conn_01x01_Male</value>
      <footprint>Connector_PinHeader_1.00mm:PinHeader_1x01_P1.00mm_Vertical</footprint>
      <datasheet>~</datasheet>
      <libsource lib="Connector" part="Conn_01x01_Male" description="Generic connector, single row, 01x01, script generated (kicad-library-utils/schlib/autogen/connector/)"/>
      <sheetpath names="/" tstamps="/"/>
      <tstamp>5E326C2A</tstamp>
    </comp>
    <comp ref="J2">
      <value>Conn_01x01_Male</value>
      <footprint>Connector_PinHeader_1.00mm:PinHeader_1x01_P1.00mm_Vertical</footprint>
      <datasheet>~</datasheet>
      <libsource lib="Connector" part="Conn_01x01_Male" description="Generic connector, single row, 01x01, script generated (kicad-library-utils/schlib/autogen/connector/)"/>
      <sheetpath names="/" tstamps="/"/>
      <tstamp>5E328103</tstamp>
    </comp>
    <comp ref="R2">
      <value>8.2K</value>
      <footprint>Resistor_THT:R_Axial_DIN0207_L6.3mm_D2.5mm_P7.62mm_Horizontal</footprint>
      <datasheet>~</datasheet>
      <libsource lib="Device" part="R" description="Resistor"/>
      <sheetpath names="/" tstamps="/"/>
      <tstamp>5E31F8A8</tstamp>
    </comp>
    <comp ref="U3">
      <value>74LS93</value>
      <footprint>Package_DIP:DIP-14_W7.62mm</footprint>
      <datasheet>http://www.ti.com/lit/gpn/sn74LS93</datasheet>
      <libsource lib="74xx" part="74LS93" description="Divide by 2 &amp; 8 counter"/>
      <sheetpath names="/" tstamps="/"/>
      <tstamp>5E2F20D0</tstamp>
    </comp>
    <comp ref="J6-2">
      <value>Conn_01x01_Male</value>
      <footprint>Connector_PinHeader_1.00mm:PinHeader_1x01_P1.00mm_Vertical</footprint>
      <datasheet>~</datasheet>
      <libsource lib="Connector" part="Conn_01x01_Male" description="Generic connector, single row, 01x01, script generated (kicad-library-utils/schlib/autogen/connector/)"/>
      <sheetpath names="/" tstamps="/"/>
      <tstamp>5E447ADE</tstamp>
    </comp>
    <comp ref="J6-1">
      <value>Conn_01x01_Male</value>
      <footprint>Connector_PinHeader_1.00mm:PinHeader_1x01_P1.00mm_Vertical</footprint>
      <datasheet>~</datasheet>
      <libsource lib="Connector" part="Conn_01x01_Male" description="Generic connector, single row, 01x01, script generated (kicad-library-utils/schlib/autogen/connector/)"/>
      <sheetpath names="/" tstamps="/"/>
      <tstamp>5E4481BC</tstamp>
    </comp>
    <comp ref="J5-2">
      <value>Conn_01x01_Male</value>
      <footprint>Connector_PinHeader_1.00mm:PinHeader_1x01_P1.00mm_Vertical</footprint>
      <datasheet>~</datasheet>
      <libsource lib="Connector" part="Conn_01x01_Male" description="Generic connector, single row, 01x01, script generated (kicad-library-utils/schlib/autogen/connector/)"/>
      <sheetpath names="/" tstamps="/"/>
      <tstamp>5E47DDEC</tstamp>
    </comp>
    <comp ref="J5-1">
      <value>Conn_01x01_Male</value>
      <footprint>Connector_PinHeader_1.00mm:PinHeader_1x01_P1.00mm_Vertical</footprint>
      <datasheet>~</datasheet>
      <libsource lib="Connector" part="Conn_01x01_Male" description="Generic connector, single row, 01x01, script generated (kicad-library-utils/schlib/autogen/connector/)"/>
      <sheetpath names="/" tstamps="/"/>
      <tstamp>5E47D331</tstamp>
    </comp>
  </components>
  <libparts>
    <libpart lib="74xx" part="74LS00">
      <aliases>
        <alias>74LS37</alias>
        <alias>7400</alias>
        <alias>74HCT00</alias>
        <alias>74HC00</alias>
      </aliases>
      <description>quad 2-input NAND gate</description>
      <docs>http://www.ti.com/lit/gpn/sn74ls00</docs>
      <footprints>
        <fp>DIP*W7.62mm*</fp>
        <fp>SO14*</fp>
      </footprints>
      <fields>
        <field name="Reference">U</field>
        <field name="Value">74LS00</field>
      </fields>
      <pins>
        <pin num="1" name="~" type="input"/>
        <pin num="2" name="~" type="input"/>
        <pin num="3" name="~" type="output"/>
        <pin num="4" name="~" type="input"/>
        <pin num="5" name="~" type="input"/>
        <pin num="6" name="~" type="output"/>
        <pin num="7" name="GND" type="power_in"/>
        <pin num="8" name="~" type="output"/>
        <pin num="9" name="~" type="input"/>
        <pin num="10" name="~" type="input"/>
        <pin num="11" name="~" type="output"/>
        <pin num="12" name="~" type="input"/>
        <pin num="13" name="~" type="input"/>
        <pin num="14" name="VCC" type="power_in"/>
      </pins>
    </libpart>
    <libpart lib="74xx" part="74LS93">
      <description>Divide by 2 &amp; 8 counter</description>
      <docs>http://www.ti.com/lit/gpn/sn74LS93</docs>
      <footprints>
        <fp>DIP*W7.62mm*</fp>
      </footprints>
      <fields>
        <field name="Reference">U</field>
        <field name="Value">74LS93</field>
      </fields>
      <pins>
        <pin num="1" name="CP1..3" type="input"/>
        <pin num="2" name="R0(1)" type="input"/>
        <pin num="3" name="R0(2)" type="input"/>
        <pin num="5" name="VCC" type="power_in"/>
        <pin num="8" name="Q2" type="output"/>
        <pin num="9" name="Q1" type="output"/>
        <pin num="10" name="GND" type="power_in"/>
        <pin num="11" name="Q3" type="output"/>
        <pin num="12" name="Q0" type="output"/>
        <pin num="14" name="CP0" type="input"/>
      </pins>
    </libpart>
    <libpart lib="Connector" part="Conn_01x01_Male">
      <description>Generic connector, single row, 01x01, script generated (kicad-library-utils/schlib/autogen/connector/)</description>
      <docs>~</docs>
      <footprints>
        <fp>Connector*:*</fp>
      </footprints>
      <fields>
        <field name="Reference">J</field>
        <field name="Value">Conn_01x01_Male</field>
      </fields>
      <pins>
        <pin num="1" name="Pin_1" type="passive"/>
      </pins>
    </libpart>
    <libpart lib="Connector" part="Conn_01x04_Male">
      <description>Generic connector, single row, 01x04, script generated (kicad-library-utils/schlib/autogen/connector/)</description>
      <docs>~</docs>
      <footprints>
        <fp>Connector*:*_1x??_*</fp>
      </footprints>
      <fields>
        <field name="Reference">J</field>
        <field name="Value">Conn_01x04_Male</field>
      </fields>
      <pins>
        <pin num="1" name="Pin_1" type="passive"/>
        <pin num="2" name="Pin_2" type="passive"/>
        <pin num="3" name="Pin_3" type="passive"/>
        <pin num="4" name="Pin_4" type="passive"/>
      </pins>
    </libpart>
    <libpart lib="Device" part="C">
      <description>Unpolarized capacitor</description>
      <docs>~</docs>
      <footprints>
        <fp>C_*</fp>
      </footprints>
      <fields>
        <field name="Reference">C</field>
        <field name="Value">C</field>
      </fields>
      <pins>
        <pin num="1" name="~" type="passive"/>
        <pin num="2" name="~" type="passive"/>
      </pins>
    </libpart>
    <libpart lib="Device" part="CP">
      <description>Polarized capacitor</description>
      <docs>~</docs>
      <footprints>
        <fp>CP_*</fp>
      </footprints>
      <fields>
        <field name="Reference">C</field>
        <field name="Value">CP</field>
      </fields>
      <pins>
        <pin num="1" name="~" type="passive"/>
        <pin num="2" name="~" type="passive"/>
      </pins>
    </libpart>
    <libpart lib="Device" part="R">
      <description>Resistor</description>
      <docs>~</docs>
      <footprints>
        <fp>R_*</fp>
      </footprints>
      <fields>
        <field name="Reference">R</field>
        <field name="Value">R</field>
      </fields>
      <pins>
        <pin num="1" name="~" type="passive"/>
        <pin num="2" name="~" type="passive"/>
      </pins>
    </libpart>
    <libpart lib="Regulator_Linear" part="LM7805_TO220">
      <aliases>
        <alias>LM7806_TO220</alias>
        <alias>LM7808_TO220</alias>
        <alias>LM7809_TO220</alias>
        <alias>LM7810_TO220</alias>
        <alias>LM7812_TO220</alias>
        <alias>LM7815_TO220</alias>
        <alias>LM7818_TO220</alias>
        <alias>LM7824_TO220</alias>
        <alias>LM78M05_TO220</alias>
        <alias>SPX2920U-3.3_TO220</alias>
        <alias>SPX2920U-5.0_TO220</alias>
        <alias>LF15_TO220</alias>
        <alias>LF18_TO220</alias>
        <alias>LF25_TO220</alias>
        <alias>LF33_TO220</alias>
        <alias>LF50_TO220</alias>
        <alias>LF60_TO220</alias>
        <alias>LF80_TO220</alias>
        <alias>LF85_TO220</alias>
        <alias>LF120_TO220</alias>
        <alias>LF47_TO220</alias>
        <alias>LF90_TO220</alias>
        <alias>LM341T-05_TO220</alias>
        <alias>LM341T-12_TO220</alias>
        <alias>LM341T-15_TO220</alias>
        <alias>LM2937xT</alias>
      </aliases>
      <description>Positive 1A 35V Linear Regulator, Fixed Output 5V, TO-220</description>
      <docs>http://www.fairchildsemi.com/ds/LM/LM7805.pdf</docs>
      <footprints>
        <fp>TO?220*</fp>
      </footprints>
      <fields>
        <field name="Reference">U</field>
        <field name="Value">LM7805_TO220</field>
        <field name="Footprint">Package_TO_SOT_THT:TO-220-3_Vertical</field>
      </fields>
      <pins>
        <pin num="1" name="VI" type="power_in"/>
        <pin num="2" name="GND" type="power_in"/>
        <pin num="3" name="VO" type="power_out"/>
      </pins>
    </libpart>
    <libpart lib="Relay_SolidState" part="AQY214EH">
      <aliases>
        <alias>CPC1117N_copy</alias>
      </aliases>
      <description>Form A, Solid State Relay (Photo MOSFET) 400V, 0.12A, 26Ohm, DIP-4</description>
      <footprints>
        <fp>DIP-4_W7.62mm*P2.54mm*</fp>
      </footprints>
      <fields>
        <field name="Reference">U</field>
        <field name="Value">AQY214EH</field>
        <field name="Footprint">Package_DIP:DIP-4_W7.62mm</field>
      </fields>
      <pins>
        <pin num="1" name="~" type="passive"/>
        <pin num="2" name="~" type="passive"/>
        <pin num="3" name="~" type="passive"/>
        <pin num="4" name="~" type="passive"/>
      </pins>
    </libpart>
    <libpart lib="Timer" part="LM555">
      <aliases>
        <alias>ICM7555</alias>
        <alias>LMC555xM</alias>
        <alias>LMC555xMM</alias>
        <alias>LMC555xN</alias>
        <alias>MC1455</alias>
        <alias>TLC555CD</alias>
        <alias>TLC555CP</alias>
        <alias>TLC555CPS</alias>
        <alias>NA555</alias>
        <alias>NE555</alias>
        <alias>SE555</alias>
        <alias>SA555</alias>
      </aliases>
      <description>Timer, DIP-8/SOIC-8/SSOP-8</description>
      <docs>http://www.ti.com/lit/ds/symlink/lm555.pdf</docs>
      <footprints>
        <fp>SOIC*3.9x4.9mm*P1.27mm*</fp>
        <fp>DIP*W7.62mm*</fp>
        <fp>TSSOP*3x3mm*P0.65mm*</fp>
      </footprints>
      <fields>
        <field name="Reference">U</field>
        <field name="Value">LM555</field>
      </fields>
      <pins>
        <pin num="1" name="GND" type="power_in"/>
        <pin num="2" name="TR" type="input"/>
        <pin num="3" name="Q" type="output"/>
        <pin num="4" name="R" type="input"/>
        <pin num="5" name="CV" type="input"/>
        <pin num="6" name="THR" type="input"/>
        <pin num="7" name="DIS" type="input"/>
        <pin num="8" name="VCC" type="power_in"/>
      </pins>
    </libpart>
  </libparts>
  <libraries>
    <library logical="74xx">
      <uri>/usr/share/kicad/library/74xx.lib</uri>
    </library>
    <library logical="Connector">
      <uri>/usr/share/kicad/library/Connector.lib</uri>
    </library>
    <library logical="Device">
      <uri>/usr/share/kicad/library/Device.lib</uri>
    </library>
    <library logical="Regulator_Linear">
      <uri>/usr/share/kicad/library/Regulator_Linear.lib</uri>
    </library>
    <library logical="Relay_SolidState">
      <uri>/home/test/Documents/kicad-project/ac-conv/Relay_SolidState.lib</uri>
    </library>
    <library logical="Timer">
      <uri>/usr/share/kicad/library/Timer.lib</uri>
    </library>
  </libraries>
  <nets>
    <net code="1" name="Net-(U4-Pad6)">
      <node ref="U4" pin="6"/>
      <node ref="U6" pin="1"/>
    </net>
    <net code="2" name="Net-(J5-1-Pad1)">
      <node ref="J5-1" pin="1"/>
      <node ref="U5" pin="4"/>
      <node ref="U6" pin="4"/>
    </net>
    <net code="3" name="Net-(J5-2-Pad1)">
      <node ref="U7" pin="3"/>
      <node ref="J5-2" pin="1"/>
      <node ref="U8" pin="3"/>
    </net>
    <net code="4" name="Net-(U5-Pad2)">
      <node ref="U8" pin="1"/>
      <node ref="U5" pin="2"/>
    </net>
    <net code="5" name="Net-(U6-Pad2)">
      <node ref="U7" pin="1"/>
      <node ref="U6" pin="2"/>
    </net>
    <net code="6" name="Net-(R4-Pad1)">
      <node ref="U8" pin="2"/>
      <node ref="R4" pin="1"/>
    </net>
    <net code="7" name="Net-(R3-Pad1)">
      <node ref="R3" pin="1"/>
      <node ref="U7" pin="2"/>
    </net>
    <net code="8" name="GND">
      <node ref="U4" pin="7"/>
      <node ref="U1" pin="2"/>
      <node ref="C6" pin="2"/>
      <node ref="U4" pin="12"/>
      <node ref="C7" pin="2"/>
      <node ref="U4" pin="13"/>
      <node ref="J2" pin="1"/>
      <node ref="U3" pin="3"/>
      <node ref="U3" pin="2"/>
      <node ref="U3" pin="10"/>
      <node ref="C2" pin="2"/>
      <node ref="U2" pin="1"/>
      <node ref="C5" pin="2"/>
      <node ref="R4" pin="2"/>
      <node ref="R3" pin="2"/>
      <node ref="C1" pin="2"/>
      <node ref="C3" pin="2"/>
      <node ref="C4" pin="2"/>
      <node ref="U4" pin="9"/>
      <node ref="U4" pin="10"/>
    </net>
    <net code="9" name="Net-(U4-Pad8)">
      <node ref="U4" pin="8"/>
    </net>
    <net code="10" name="Net-(J3-Pad2)">
      <node ref="U3" pin="8"/>
      <node ref="J3" pin="2"/>
    </net>
    <net code="11" name="Net-(J3-Pad3)">
      <node ref="U3" pin="11"/>
      <node ref="J3" pin="3"/>
    </net>
    <net code="12" name="Net-(J3-Pad4)">
      <node ref="J3" pin="4"/>
      <node ref="U4" pin="1"/>
      <node ref="U4" pin="2"/>
    </net>
    <net code="13" name="Net-(U4-Pad11)">
      <node ref="U4" pin="11"/>
    </net>
    <net code="14" name="Net-(U4-Pad3)">
      <node ref="U5" pin="1"/>
      <node ref="U4" pin="5"/>
      <node ref="U4" pin="4"/>
      <node ref="U4" pin="3"/>
    </net>
    <net code="15" name="Net-(J6-2-Pad1)">
      <node ref="U6" pin="3"/>
      <node ref="J6-2" pin="1"/>
      <node ref="U8" pin="4"/>
    </net>
    <net code="16" name="Net-(J6-1-Pad1)">
      <node ref="U7" pin="4"/>
      <node ref="J6-1" pin="1"/>
      <node ref="U5" pin="3"/>
    </net>
    <net code="17" name="+5V">
      <node ref="C3" pin="1"/>
      <node ref="C5" pin="1"/>
      <node ref="U1" pin="3"/>
      <node ref="U3" pin="5"/>
      <node ref="C4" pin="1"/>
      <node ref="U4" pin="14"/>
      <node ref="R1" pin="1"/>
      <node ref="U2" pin="8"/>
      <node ref="U2" pin="4"/>
    </net>
    <net code="18" name="Net-(U3-Pad9)">
      <node ref="U3" pin="9"/>
    </net>
    <net code="19" name="Net-(C1-Pad1)">
      <node ref="C2" pin="1"/>
      <node ref="C1" pin="1"/>
      <node ref="J1" pin="1"/>
      <node ref="U1" pin="1"/>
    </net>
    <net code="20" name="Net-(C6-Pad1)">
      <node ref="R2" pin="2"/>
      <node ref="C6" pin="1"/>
      <node ref="U2" pin="2"/>
      <node ref="U2" pin="6"/>
    </net>
    <net code="21" name="Net-(C7-Pad1)">
      <node ref="U2" pin="5"/>
      <node ref="C7" pin="1"/>
    </net>
    <net code="22" name="Net-(R1-Pad2)">
      <node ref="U2" pin="7"/>
      <node ref="R1" pin="2"/>
      <node ref="R2" pin="1"/>
    </net>
    <net code="23" name="Net-(J3-Pad1)">
      <node ref="U3" pin="12"/>
      <node ref="J3" pin="1"/>
      <node ref="U3" pin="1"/>
    </net>
    <net code="24" name="Net-(U2-Pad3)">
      <node ref="U2" pin="3"/>
      <node ref="U3" pin="14"/>
    </net>
  </nets>
</export>
